ESTR;GENE;POS;CODON;REF;MUT;MUTATION;UNUSUAL;COUNT;TOTAL;PERC;PREL;LINEAGE;TP;DELTA
1174;3CLpro;132;CAC;P;H;3CLpro:P132H;No;14736;14786;99,66184228;22/05/2022;BA.2;1;0
1779;3CLpro;132;CAC;P;H;3CLpro:P132H;No;4621;4639;99,61198534;18/08/2022;BA.2.1;2;0,049856942
1779;E;30;AYA;T;I;E:T30I;No;2703;3293;82,0832068;18/08/2022;BA.2.1;2;0
1174;E;9;ATA;T;I;E:T9I;No;11548;11585;99,68062149;22/05/2022;BA.2;1;0
1779;E;9;ATA;T;I;E:T9I;No;4908;5000;98,16;18/08/2022;BA.2.1;2;1,520621493
1174;M;63;ACT;A;T;M:A63T;No;796;799;99,62453066;22/05/2022;BA.2;1;0
1779;M;63;ACT;A;T;M:A63T;No;241;242;99,58677686;18/08/2022;BA.2.1;2;0,037753804
1174;M;19;SAA;Q;E;M:Q19E;No;37;127;29,13385827;22/05/2022;BA.2;1;61,43217947
1779;M;19;GAA;Q;E;M:Q19E;No;288;318;90,56603774;18/08/2022;BA.2.1;2;0
1779;N;182;GTC;A;V;N:A182V;Yes;2356;2373;99,28360725;18/08/2022;BA.2.1;2;0
1174;N;31;---;E;del;N:E31del;No;11450;11456;99,9476257;22/05/2022;BA.2;1;0
1779;N;31;---;E;del;N:E31del;No;3790;3792;99,94725738;18/08/2022;BA.2.1;2;0,000368314
1174;N;204;CGA;G;R;N:G204R;No;7786;7808;99,7182377;22/05/2022;BA.2;1;0,18808548
1779;N;204;CGA;G;R;N:G204R;No;2133;2135;99,90632319;18/08/2022;BA.2.1;2;0
1174;N;13;CTC;P;L;N:P13L;No;19450;19525;99,61587708;22/05/2022;BA.2;1;0
1779;N;13;CTC;P;L;N:P13L;No;5883;5912;99,50947226;18/08/2022;BA.2.1;2;0,106404821
1174;N;203;AAA;R;K;N:R203K;No;7766;7798;99,58963837;22/05/2022;BA.2;1;0,176169594
1779;N;203;AAA;R;K;N:R203K;No;2130;2135;99,76580796;18/08/2022;BA.2.1;2;0
1174;N;32;---;R;del;N:R32del;No;11442;11452;99,91267901;22/05/2022;BA.2;1;0
1779;N;32;---;R;del;N:R32del;No;3788;3792;99,89451477;18/08/2022;BA.2.1;2;0,01816424
1174;N;33;---;S;del;N:S33del;No;5716;5732;99,72086532;22/05/2022;BA.2;1;0
1779;N;33;---;S;del;N:S33del;No;3781;3792;99,70991561;18/08/2022;BA.2.1;2;0,010949706
1174;N;413;CGT;S;R;N:S413R;No;4094;4103;99,78064831;22/05/2022;BA.2;1;0
1779;N;413;CGT;S;R;N:S413R;No;1738;1745;99,59885387;18/08/2022;BA.2.1;2;0,181794438
1174;nsp13;392;TGT;R;C;nsp13:R392C;No;10050;10068;99,82121573;22/05/2022;BA.2;1;0
1779;nsp13;392;TGT;R;C;nsp13:R392C;No;3023;3029;99,80191482;18/08/2022;BA.2.1;2;0,01930091
1779;nsp13;324;TGT;Y;C;nsp13:Y324C;No;4646;4661;99,67818065;18/08/2022;BA.2.1;2;0
1174;nsp14;42;GTA;I;V;nsp14:I42V;No;3284;3290;99,81762918;22/05/2022;BA.2;1;0
1779;nsp14;42;GTA;I;V;nsp14:I42V;No;801;804;99,62686567;18/08/2022;BA.2.1;2;0,190763508
1174;nsp15;112;ATT;T;I;nsp15:T112I;No;9966;9987;99,78972664;22/05/2022;BA.2;1;0
1779;nsp15;112;ATT;T;I;nsp15:T112I;No;4527;4543;99,64780982;18/08/2022;BA.2.1;2;0,141916827
1174;nsp4;264;TTT;L;F;nsp4:L264F;No;2586;2590;99,84555985;22/05/2022;BA.2;1;0
1779;nsp4;264;TTT;L;F;nsp4:L264F;No;976;978;99,79550102;18/08/2022;BA.2.1;2;0,050058823
1174;nsp4;438;TTT;L;F;nsp4:L438F;No;5792;5808;99,72451791;22/05/2022;BA.2;1;0,068870523
1779;nsp4;438;TTT;L;F;nsp4:L438F;No;1449;1452;99,79338843;18/08/2022;BA.2.1;2;0
1174;nsp4;327;ATT;T;I;nsp4:T327I;No;10218;10243;99,75593088;22/05/2022;BA.2;1;0
1779;nsp4;327;ATT;T;I;nsp4:T327I;No;3412;3423;99,67864446;18/08/2022;BA.2.1;2;0,077286416
1174;nsp4;492;ATC;T;I;nsp4:T492I;No;9362;9421;99,37373952;22/05/2022;BA.2;1;0
1779;nsp4;492;ATC;T;I;nsp4:T492I;No;2512;2540;98,8976378;18/08/2022;BA.2.1;2;0,476101723
1174;nsp6;108;---;F;del;nsp6:F108del;No;18364;18554;98,97596206;22/05/2022;BA.2;1;0
1779;nsp6;108;---;F;del;nsp6:F108del;No;5504;5584;98,56733524;18/08/2022;BA.2.1;2;0,408626813
1174;nsp6;107;---;G;del;nsp6:G107del;No;18318;18355;99,79842005;22/05/2022;BA.2;1;0
1779;nsp6;107;---;G;del;nsp6:G107del;No;5497;5510;99,76406534;18/08/2022;BA.2.1;2;0,034354713
1174;nsp6;106;---;S;del;nsp6:S106del;No;18328;18360;99,82570806;22/05/2022;BA.2;1;0
1779;nsp6;106;---;S;del;nsp6:S106del;No;5494;5510;99,70961887;18/08/2022;BA.2.1;2;0,116089186
1779;nsp9;35;ATA;T;I;nsp9:T35I;No;3088;3106;99,4204765;18/08/2022;BA.2.1;2;0
1174;ORF3a;223;ATT;T;I;ORF3a:T223I;No;12244;12268;99,80436909;22/05/2022;BA.2;1;0
1779;ORF3a;223;ATT;T;I;ORF3a:T223I;No;5459;5471;99,78066167;18/08/2022;BA.2.1;2;0,02370742
1174;ORF6;61;CTC;D;L;ORF6:D61L;No;5924;5941;99,71385289;22/05/2022;BA.2;1;0
1779;ORF6;61;CTC;D;L;ORF6:D61L;No;2734;2751;99,38204289;18/08/2022;BA.2.1;2;0,331809993
1174;PLpro;489;AGT;G;S;PLpro:G489S;No;3564;3573;99,74811083;22/05/2022;BA.2;1;0,145619243
1779;PLpro;489;AGT;G;S;PLpro:G489S;No;1880;1882;99,89373007;18/08/2022;BA.2.1;2;0
1174;PLpro;24;ATT;T;I;PLpro:T24I;No;7900;7926;99,67196568;22/05/2022;BA.2;1;0
1779;PLpro;24;ATT;T;I;PLpro:T24I;No;2549;2560;99,5703125;18/08/2022;BA.2.1;2;0,101653183
1174;RdRP;694;TWT;F;Y;RdRP:F694Y;No;64;547;11,70018282;22/05/2022;BA.2;1;0
1174;RdRP;323;CTT;P;L;RdRP:P323L;No;7952;7975;99,71159875;22/05/2022;BA.2;1;0
1779;RdRP;323;CTT;P;L;RdRP:P323L;No;2971;2980;99,69798658;18/08/2022;BA.2.1;2;0,013612169
1174;S;27;---;A;del;S:A27del;No;4981;4988;99,85966319;22/05/2022;BA.2;1;0,055206275
1779;S;27;---;A;del;S:A27del;No;3521;3524;99,91486947;18/08/2022;BA.2.1;2;0
1779;S;1153;TAT;D;Y;S:D1153Y;No;2311;2316;99,78411054;18/08/2022;BA.2.1;2;0
1174;S;405;AAT;D;N;S:D405N;No;668;668;100;22/05/2022;BA.2;1;0
1779;S;405;AAT;D;N;S:D405N;No;378;378;100;18/08/2022;BA.2.1;2;0
1174;S;614;GGT;D;G;S:D614G;No;16470;16536;99,60087083;22/05/2022;BA.2;1;0
1779;S;614;GGT;D;G;S:D614G;No;5888;5916;99,52670723;18/08/2022;BA.2.1;2;0,074163593
1174;S;796;TAT;D;Y;S:D796Y;No;6260;6280;99,68152866;22/05/2022;BA.2;1;0
1779;S;796;TAT;D;Y;S:D796Y;No;2202;2219;99,23388914;18/08/2022;BA.2.1;2;0,447639523
1174;S;484;GCA;E;A;S:E484A;No;1650;1651;99,93943065;22/05/2022;BA.2;1;0
1779;S;484;GCA;E;A;S:E484A;No;969;973;99,58890031;18/08/2022;BA.2.1;2;0,35053034
1779;S;374;---;F;del;S:F374del;No;808;886;91,19638826;18/08/2022;BA.2.1;2;0
1174;S;142;GAT;G;D;S:G142D;No;7324;7349;99,65981766;22/05/2022;BA.2;1;0
1779;S;142;GAT;G;D;S:G142D;No;1831;1838;99,61915125;18/08/2022;BA.2.1;2;0,040666411
1174;S;339;GAT;G;D;S:G339D;No;2534;2541;99,72451791;22/05/2022;BA.2;1;0
1779;S;339;GAT;G;D;S:G339D;No;1314;1320;99,54545455;18/08/2022;BA.2.1;2;0,179063361
1174;S;655;TAT;H;Y;S:H655Y;No;14658;14693;99,76179133;22/05/2022;BA.2;1;0,124205251
1779;S;655;TAT;H;Y;S:H655Y;No;5257;5263;99,88599658;18/08/2022;BA.2.1;2;0
1174;S;417;AAT;K;N;S:K417N;No;32;32;100;22/05/2022;BA.2;1;0
1779;S;417;AAT;K;N;S:K417N;No;74;74;100;18/08/2022;BA.2.1;2;0
1779;S;444;AAT;K;N;S:K444N;No;68;68;100;18/08/2022;BA.2.1;2;0
1174;S;24;TCA;L;S;S:L24S;No;4975;4989;99,71938264;22/05/2022;BA.2;1;0,138733136
1779;S;24;TCA;L;S;S:L24S;No;3519;3524;99,85811578;18/08/2022;BA.2.1;2;0
1779;S;455;TTC;L;F;S:L455F;No;61;61;100;18/08/2022;BA.2.1;2;0
1174;S;440;AAG;N;K;S:N440K;No;12;12;100;22/05/2022;BA.2;1;0
1779;S;440;AAG;N;K;S:N440K;No;69;69;100;18/08/2022;BA.2.1;2;0
1174;S;501;TAT;N;Y;S:N501Y;No;3282;3284;99,93909866;22/05/2022;BA.2;1;0
1779;S;501;TAT;N;Y;S:N501Y;No;1867;1869;99,8929909;18/08/2022;BA.2.1;2;0,046107756
1174;S;679;AAG;N;K;S:N679K;No;4744;4753;99,81064591;22/05/2022;BA.2;1;0
1779;S;679;AAG;N;K;S:N679K;No;1849;1855;99,67654987;18/08/2022;BA.2.1;2;0,134096043
1174;S;764;AAA;N;K;S:N764K;No;180;182;98,9010989;22/05/2022;BA.2;1;1,098901099
1779;S;764;AAA;N;K;S:N764K;No;77;77;100;18/08/2022;BA.2.1;2;0
1174;S;969;AAA;N;K;S:N969K;No;7130;7157;99,62274696;22/05/2022;BA.2;1;0,065301391
1779;S;969;AAA;N;K;S:N969K;No;5113;5129;99,68804835;18/08/2022;BA.2.1;2;0
1779;S;217;CAT;P;H;S:P217H;Yes;8669;8698;99,66659002;18/08/2022;BA.2.1;2;0
1174;S;25;---;P;del;S:P25del;No;9976;9976;100;22/05/2022;BA.2;1;0
1779;S;25;---;P;del;S:P25del;No;3524;3524;100;18/08/2022;BA.2.1;2;0
1174;S;26;---;P;del;S:P26del;No;9964;9970;99,93981946;22/05/2022;BA.2;1;0
1779;S;26;---;P;del;S:P26del;No;3517;3524;99,80136209;18/08/2022;BA.2.1;2;0,13845737
1174;S;681;CAT;P;H;S:P681H;No;4554;4562;99,82463832;22/05/2022;BA.2;1;0
1779;S;681;CAT;P;H;S:P681H;No;1782;1789;99,60871996;18/08/2022;BA.2.1;2;0,215918361
1174;S;493;CGA;Q;R;S:Q493R;No;2144;2150;99,72093023;22/05/2022;BA.2;1;0
1779;S;493;CGA;Q;R;S:Q493R;No;1160;1164;99,65635739;18/08/2022;BA.2.1;2;0,064572844
1174;S;498;CGA;Q;R;S:Q498R;No;2884;2889;99,82692973;22/05/2022;BA.2;1;0
1779;S;498;CGA;Q;R;S:Q498R;No;1647;1653;99,63702359;18/08/2022;BA.2.1;2;0,18990614
1174;S;954;CAT;Q;H;S:Q954H;No;2736;2744;99,70845481;22/05/2022;BA.2;1;0,041961163
1779;S;954;CAT;Q;H;S:Q954H;No;4796;4808;99,75041597;18/08/2022;BA.2.1;2;0
1174;S;408;AGM;R;S;S:R408S;No;57;415;13,73493976;22/05/2022;BA.2;1;19,14641617
1779;S;408;AGM;R;S;S:R408S;No;97;295;32,88135593;18/08/2022;BA.2.1;2;0
1174;S;1147;TTA;S;L;S:S1147L;No;10454;10483;99,72336163;22/05/2022;BA.2;1;0
1174;S;256;TTA;S;L;S:S256L;No;29296;29376;99,72766885;22/05/2022;BA.2;1;0
1174;S;371;TTC;S;F;S:S371F;No;2024;2031;99,6553422;22/05/2022;BA.2;1;0
1779;S;371;TTC;S;F;S:S371F;No;889;894;99,44071588;18/08/2022;BA.2.1;2;0,214626312
1174;S;373;CCA;S;P;S:S373P;No;2008;2017;99,55379276;22/05/2022;BA.2;1;0,220473604
1779;S;373;CCA;S;P;S:S373P;No;884;886;99,77426637;18/08/2022;BA.2.1;2;0
1779;S;375;---;S;del;S:S375del;No;808;809;99,87639061;18/08/2022;BA.2.1;2;0
1174;S;375;TTC;S;F;S:S375F;No;1998;2004;99,7005988;22/05/2022;BA.2;1;0
1174;S;477;AAC;S;N;S:S477N;No;1014;1015;99,90147783;22/05/2022;BA.2;1;0
1779;S;477;AAC;S;N;S:S477N;No;621;622;99,8392283;18/08/2022;BA.2.1;2;0,062249537
1174;S;19;ATA;T;I;S:T19I;No;11512;11533;99,81791381;22/05/2022;BA.2;1;0,057086187
1779;S;19;ATA;T;I;S:T19I;No;3995;4000;99,875;18/08/2022;BA.2.1;2;0
1174;S;376;GCT;T;A;S:T376A;No;1994;2002;99,6003996;22/05/2022;BA.2;1;0
1779;S;376;---;T;del;S:T376del;No;807;809;99,75278121;18/08/2022;BA.2.1;2;0
1174;S;478;AAA;T;K;S:T478K;No;1012;1014;99,80276134;22/05/2022;BA.2;1;0,036466955
1779;S;478;AAA;T;K;S:T478K;No;621;622;99,8392283;18/08/2022;BA.2.1;2;0
1174;S;213;GGG;V;G;S:V213G;No;24552;24636;99,65903556;22/05/2022;BA.2;1;0
1779;S;213;GGG;V;G;S:V213G;No;8175;8213;99,53731888;18/08/2022;BA.2.1;2;0,121716673
1779;S;642;GGT;V;G;S:V642G;Yes;6241;6263;99,64873064;18/08/2022;BA.2.1;2;0
1779;S;144;---;Y;del;S:Y144del;No;1825;1832;99,61790393;18/08/2022;BA.2.1;2;0
1174;S;505;CAC;Y;H;S:Y505H;No;4156;4163;99,83185203;22/05/2022;BA.2;1;0
1779;S;505;CAC;Y;H;S:Y505H;No;2183;2190;99,6803653;18/08/2022;BA.2.1;2;0,151486733
